{
 "generated_by": "scripts/simulate_nowcast_rate_impact.py (PolicyEngine US microsimulation, default Populace dataset, spm-calculator 0.4.0)",
 "threshold_ratio_nowcast_over_current": {
  "OWNER_WITH_MORTGAGE": 1.017386316441713,
  "OWNER_WITHOUT_MORTGAGE": 1.0098242972735643,
  "RENTER": 1.0107214986425104
 },
 "2025": {
  "all": {
   "current_cpi_aging_rate": 0.17023514484029875,
   "nowcast_rate": 0.17382369740136194,
   "delta_pp": 0.3588552561063191
  },
  "children (<18)": {
   "current_cpi_aging_rate": 0.16172534520118156,
   "nowcast_rate": 0.1690535499233536,
   "delta_pp": 0.7328204722172049
  },
  "seniors (65+)": {
   "current_cpi_aging_rate": 0.1737017922650426,
   "nowcast_rate": 0.1754001277151523,
   "delta_pp": 0.16983354501096948
  }
 },
 "2026": {
  "all": {
   "current_cpi_aging_rate": 0.1666625294169207,
   "nowcast_rate": 0.17615556323760817,
   "delta_pp": 0.9493033820687474
  },
  "children (<18)": {
   "current_cpi_aging_rate": 0.16147447623258904,
   "nowcast_rate": 0.17560091426245825,
   "delta_pp": 1.412643802986921
  },
  "seniors (65+)": {
   "current_cpi_aging_rate": 0.16673899373591913,
   "nowcast_rate": 0.16941040721693718,
   "delta_pp": 0.26714134810180423
  }
 }
}